Workbook
Name ContactTitle: [1]Sheet3!$A$2:$A$2

Sheet Summary
A1: Sundram Fasteners Limited Autolec Division.Quotation for Aluminium Castings
B2: FR 25/248 | R2: Date | S2: 46132
B3: Abhinava Rizel Private Limited c: +91 9566558313
B4: Kind Attn : Yuvaraja
B6: Part Name | C6: Drawing # | D6: RM | E6: Weight | F6: RM Rate Per/Kg | G6: RM Cost | H6: Conversion Cost | I6: Machining Cost | J6: Total Cost | K6: ICC | L6: Rejection | M6: Over Head | N6: Profit | O6: Packing | P6: Part Price | Q6: Tool Cost in Lakhs
K7: 0.02 | L7: 0.02 | M7: 0.05 | N7: 0.09 | Q7: PDC Die | R7: Machining Fixtures | S7: Total
B8: Front Endbell Machining | C8: AR011138 | D8: ADC12 | E8: ='AR11138'!E9 -> 2.1412 | F8: ='AR11138'!$F$9 -> 325 | G8: =E8*F8 -> 695.89 | H8: 73 | I8: ='AR11138'!$I$9 -> 75 | J8: =G8+H8+I8 -> 843.89 | K8: =$J$8*K7 -> 16.8778 | L8: =$J$8*$L$7 -> 16.8778 | M8: =$J$8*M7 -> 42.1945 | N8: =$J$8*N7 -> 75.9501 | O8: 20 | P8: =SUM(J8:O8) -> 1015.7902 | Q8: ='AR11138'!$F$27 -> 34 | R8: 11 | S8: =Q8+R8 -> 45
B9: Rear EndBell Machining | C9: AR011140 | D9: ADC12 | E9: ='AR011140'!E9 -> 0.99 | F9: 325 | G9: =E9*F9 -> 321.75 | H9: 68 | I9: 121 | J9: =G9+H9+I9 -> 510.75 | K9: =$J$9*K7 -> 10.215 | L9: =$J$9*L7 -> 10.215 | M9: =$J$9*M7 -> 25.5375 | N9: =$J$9*N7 -> 45.9675 | O9: 8 | P9: =SUM(J9:O9) -> 610.685 | Q9: ='AR011140'!$F$27 -> 30 | R9: 15 | S9: =Q9+R9 -> 45
B10: Rotor Plate Machining | C10: AR011142 | D10: ADC12 | E10: ='AR011142'!E9 -> 0.09 | F10: ='AR011142'!$F$9 -> 325 | G10: =E10*F10 -> 29.25 | H10: ='AR011142'!$H$9 -> 16 | I10: 5 | J10: =G10+H10+I10 -> 50.25 | K10: =$J$10*K7 -> 1.005 | L10: =$J$10*L7 -> 1.005 | M10: =$J$10*M7 -> 2.5125 | N10: =$J$10*N7 -> 4.5225 | O10: 2.5 | P10: =SUM(J10:O10) -> 61.795 | Q10: ='AR011142'!F31 -> 8 | R10: 0 | S10: =Q10+R10 -> 8
P11: =SUM(P8:P10) -> 1688.2702 | S11: =SUM(S8:S10) -> 98 | T11: 98
B12: ADC12 Price :MMR price of Mar-25

Sheet AR11138
A1: Sundram Fasteners Limited Autolec Division
B2: FR 25/248 | J2: Date | K2: 46119
B3: Abhinava Rizel Private Limited c: +91 9566558313
B5: Kind Attn : Yuvaraja
B7: Part Number | C7: AR011138 | I7: Annual Volume in Nos | J7: 48000
A8: S # | B8: DESCRIPTION | C8: Material | D8: Quantity | E8: RM Wt in Kg | F8: Rate per Kg /unit | G8: RM /BOP Cost | H8: Conversion | I8: Machining /Assembly | J8: Powder Coating | K8: Total Cost
A9: 1 | B9: Front EndBell Machining | C9: ADC12 | D9: 1 | E9: 2.1412 | F9: 325 | G9: =E9*F9 -> 695.89 | H9: 75 | I9: 75 | K9: =G9+H9+I9 -> 845.89
B13: Sub-Total | G13: =SUM(G9:G12) -> 695.89 | H13: =SUM(H9:H12) -> 75 | I13: =SUM(I9:I12) -> 75 | J13: =SUM(J9:J12) -> 0 | K13: =SUM(K9:K12) -> 845.89
B14: ICC | C14: 0.02 | K14: =$K$13*C14 -> 16.9178
B15: Rejection Allowance | C15: 0.02 | K15: =$K$13*C15 -> 16.9178
B16: Profit | C16: 0.1 | K16: =$K$13*C16 -> 84.589
B17: Overheads | C17: 0.05 | K17: =$K$13*C17 -> 42.2945
B18: Packing | C18: To be actualised | K18: 24
B19: Freight & WH
B20: Total Price Ex Works | K20: =SUM(K13:K19) -> 1030.6091
B23: Tooling Details | E23: Part Name : | G23: Lead time | H23: 16 Weeks
B24: Project : | E24: =B9 -> Front EndBell Machining | G24: ADC12 Price :MMR price of Mar-25
B25: Tool cost break up
B26: Fixture References | C26: Tool Details | D26: Qty | E26: Remarks | F26: Price in INR Lakhs
B27: Front EndBell | C27: HPDC Die | D27: 1 | F27: 34
B28: Machining Fixture | C28: Fixtures & Gauges | F28: 15
B31: Total tooling cost | F31: =SUM(F27:F30) -> 49

Sheet AR011140
A1: Sundram Fasteners Limited Autolec Division
B2: ='AR11138'!$B$2 -> FR 25/248 | J2: Date | K2: 46119
B3: Abhinava Rizel Private Limited c: +91 9566558313
B5: Kind Attn : Yuvaraja
B7: Part Number | C7: AR011140 | I7: Annual Volume in Nos | J7: 48000
A8: S # | B8: DESCRIPTION | C8: Material | D8: Quantity | E8: RM Wt in Kg | F8: Rate per Kg /unit | G8: RM /BOP Cost | H8: Conversion | I8: Machining /Assembly | J8: Powder Coating | K8: Total Cost
A9: 1 | B9: Rear Endbell Machining | C9: ADC12 | D9: 1 | E9: =0.99 -> 0.99 | F9: 325 | G9: =E9*F9 -> 321.75 | H9: 70 | I9: 115 | K9: =G9+H9+I9 -> 506.75
B13: Sub-Total | G13: =SUM(G9:G12) -> 321.75 | H13: =SUM(H9:H12) -> 70 | I13: =SUM(I9:I12) -> 115 | J13: =SUM(J9:J12) -> 0 | K13: =SUM(K9:K12) -> 506.75
B14: ICC | C14: 0.02 | K14: =$K$13*C14 -> 10.135
B15: Rejection Allowance | C15: 0.02 | K15: =$K$13*C15 -> 10.135
B16: Profit | C16: 0.1 | K16: =$K$13*C16 -> 50.675
B17: Overheads | C17: 0.05 | K17: =$K$13*C17 -> 25.3375
B18: Packing | C18: To be actualised | K18: 12
B19: Freight & WH
B20: Total Price Ex Works | K20: =SUM(K13:K19) -> 615.0325
B23: Tooling Details | E23: Part Name : | G23: Lead time | H23: 16 Weeks
B24: Project : | E24: =B9 -> Rear Endbell Machining
B25: Tool cost break up
B26: Fixture References | C26: Tool Details | D26: Qty | E26: Remarks | F26: Price in INR Lakhs
B27: Rear End Bell | C27: HPDC Die | D27: 1 | F27: 30
B28: Machining Fixture | C28: Fixtures & Gauges | F28: 15
B31: Total tooling cost | F31: =SUM(F27:F30) -> 45

Sheet AR011142
A1: Sundram Fasteners Limited Autolec Division
B2: ='AR11138'!$B$2 -> FR 25/248 | J2: Date | K2: 46123
B3: Abhinava Rizel Private Limited c: +91 9566558313
B5: Kind Attn : Yuvaraja
B7: Part Number | C7: AR011142 | I7: Annual Volume in Nos | J7: 48000
A8: S # | B8: DESCRIPTION | C8: Material | D8: Quantity | E8: RM Wt in Kg | F8: Rate per Kg /unit | G8: RM /BOP Cost | H8: Conversion | I8: Machining /Assembly | J8: Powder Coating | K8: Total Cost
A9: 1 | B9: Rotor Plate | C9: ADC12 | D9: 1 | E9: 0.09 | F9: 325 | G9: =E9*F9 -> 29.25 | H9: 16 | K9: =G9+H9+I9 -> 45.25
B10: 250T 2 cavity
B13: Sub-Total | G13: =SUM(G9:G12) -> 29.25 | H13: =SUM(H9:H12) -> 16 | I13: =SUM(I9:I12) -> 0 | J13: =SUM(J9:J12) -> 0 | K13: =SUM(K9:K12) -> 45.25
B14: ICC | C14: 0.02 | K14: =$K$13*C14 -> 0.905
B15: Rejection Allowance | C15: 0.03 | K15: =$K$13*C15 -> 1.3575
B16: Profit | C16: 0.1 | K16: =$K$13*C16 -> 4.525
B17: Overheads | C17: 0.05 | K17: =$K$13*C17 -> 2.2625
B18: Packing | C18: To be actualised | K18: 4
B19: Freight & WH
B20: Total Price Ex Works | K20: =SUM(K13:K19) -> 58.3
B23: Tooling Details | E23: Part Name : | G23: Lead time | H23: 16 Weeks
B24: Project : | E24: =B9 -> Rotor Plate
B25: Tool cost break up
B26: Fixture References | C26: Tool Details | D26: Qty | E26: Remarks | F26: Price in INR Lakhs
B27: Rotor Plate | C27: HPDC Die | D27: 1 | F27: 8
B31: Total tooling cost | F31: =SUM(F27:F30) -> 8

Sheet Sheet1
D6: Part No | E6: Part Description | F6: Component Cost (INR) LME 325 | G6: Tool & Fixture Cost ((Lakh) | H6: Target Date for Sample Submission | I6: Remarks
D8: AR11138 | E8: Front Endbell Machining | F8: 1015.79 | G8: 45 | H8: July - first weeks | I8: Tool Life One lakh short
D9: AR011140 | E9: Rear EndBell Machining | F9: 610.69 | G9: 45 | H9: July - first weeks | I9: Tool Life One lakh short
D10: AR011142 | E10: Rotor Plate Machining | F10: 61.8 | G10: 8 | H10: Jun -first Weeks | I10: Tool Life Two lakh short
